2023_ASVname,Kingdom,Phylum,Class,Order,Family,Genus,Species
ASV_5,Bacteria,Proteobacteria,Gammaproteobacteria,Orbales,Orbaceae,Gilliamella,NA
ASV_6,Bacteria,Proteobacteria,Gammaproteobacteria,Betaproteobacteriales,Neisseriaceae,Snodgrassella,alvi
ASV_7,Bacteria,Firmicutes,Bacilli,Lactobacillales,Lactobacillaceae,Lactobacillus,NA
ASV_8,Bacteria,Proteobacteria,Gammaproteobacteria,Enterobacteriales,Enterobacteriaceae,NA,NA
ASV_11,Bacteria,Proteobacteria,Gammaproteobacteria,Pseudomonadales,Moraxellaceae,Acinetobacter,NA
ASV_13,Bacteria,Proteobacteria,Gammaproteobacteria,Betaproteobacteriales,Burkholderiaceae,Tepidimonas,NA
ASV_17,Bacteria,Proteobacteria,Gammaproteobacteria,Enterobacteriales,Enterobacteriaceae,Pantoea,NA
ASV_18,Bacteria,Firmicutes,Bacilli,Lactobacillales,Lactobacillaceae,Lactobacillus,NA
ASV_24,Bacteria,Deinococcus-Thermus,Deinococci,Thermales,Thermaceae,Meiothermus,NA
ASV_26,Bacteria,Firmicutes,Bacilli,Lactobacillales,Leuconostocaceae,Weissella,NA
ASV_28,Bacteria,Proteobacteria,Gammaproteobacteria,Enterobacteriales,Enterobacteriaceae,Rosenbergiella,NA
ASV_30,Bacteria,Proteobacteria,Gammaproteobacteria,Pseudomonadales,Moraxellaceae,Acinetobacter,NA
ASV_31,Bacteria,Proteobacteria,Gammaproteobacteria,Oceanospirillales,Halomonadaceae,Carnimonas,NA
ASV_32,Bacteria,Proteobacteria,Gammaproteobacteria,Betaproteobacteriales,Burkholderiaceae,Tepidimonas,taiwanensis
ASV_39,Bacteria,Proteobacteria,Gammaproteobacteria,Betaproteobacteriales,Hydrogenophilaceae,Hydrogenophilus,NA
ASV_40,Bacteria,Proteobacteria,Gammaproteobacteria,Enterobacteriales,Enterobacteriaceae,Erwinia,NA
ASV_43,Bacteria,Proteobacteria,Gammaproteobacteria,Pseudomonadales,Pseudomonadaceae,Pseudomonas,NA
ASV_46,Bacteria,Proteobacteria,Gammaproteobacteria,Enterobacteriales,Enterobacteriaceae,Morganella,morganii
ASV_47,Bacteria,Firmicutes,Bacilli,Lactobacillales,Lactobacillaceae,Lactobacillus,NA
ASV_48,Bacteria,Proteobacteria,Gammaproteobacteria,Betaproteobacteriales,Burkholderiaceae,Schlegelella,NA
ASV_49,Bacteria,Proteobacteria,Gammaproteobacteria,Enterobacteriales,Enterobacteriaceae,NA,NA
ASV_50,Bacteria,Actinobacteria,Actinobacteria,Corynebacteriales,Corynebacteriaceae,Corynebacterium,NA
ASV_51,Bacteria,Proteobacteria,Gammaproteobacteria,Betaproteobacteriales,Burkholderiaceae,Ottowia,NA
ASV_54,Bacteria,Gemmatimonadetes,Gemmatimonadetes,Gemmatimonadales,Gemmatimonadaceae,NA,NA
ASV_55,Bacteria,Proteobacteria,Gammaproteobacteria,Pseudomonadales,Moraxellaceae,Acinetobacter,NA
ASV_56,Bacteria,Proteobacteria,Gammaproteobacteria,Enterobacteriales,Enterobacteriaceae,NA,NA
ASV_57,Bacteria,Proteobacteria,Deltaproteobacteria,Myxococcales,Polyangiaceae,Pajaroellobacter,NA
ASV_58,Bacteria,Proteobacteria,Gammaproteobacteria,Enterobacteriales,Enterobacteriaceae,Moellerella,NA
ASV_59,Bacteria,Proteobacteria,Gammaproteobacteria,Betaproteobacteriales,Burkholderiaceae,Ralstonia,NA
ASV_60,Bacteria,Firmicutes,Bacilli,Lactobacillales,Leuconostocaceae,Weissella,NA
ASV_61,Bacteria,Bacteroidetes,Bacteroidia,Flavobacteriales,Weeksellaceae,Chryseobacterium,NA
ASV_62,Bacteria,Proteobacteria,Gammaproteobacteria,Pseudomonadales,Pseudomonadaceae,Pseudomonas,NA
ASV_63,Bacteria,Proteobacteria,Alphaproteobacteria,Rhizobiales,Xanthobacteraceae,NA,NA
ASV_65,Bacteria,Proteobacteria,Gammaproteobacteria,Enterobacteriales,Enterobacteriaceae,Klebsiella,NA
ASV_66,Bacteria,Firmicutes,Bacilli,Bacillales,Bacillaceae,Anaerobacillus,NA
ASV_67,Bacteria,Proteobacteria,Gammaproteobacteria,Xanthomonadales,Xanthomonadaceae,Vulcaniibacterium,thermophilum
ASV_68,Bacteria,Firmicutes,Bacilli,Lactobacillales,Enterococcaceae,Enterococcus,cecorum
ASV_69,Bacteria,Proteobacteria,Alphaproteobacteria,Rhodobacterales,Rhodobacteraceae,NA,NA
ASV_70,Bacteria,Proteobacteria,Gammaproteobacteria,Pseudomonadales,Pseudomonadaceae,Pseudomonas,NA
ASV_71,Bacteria,Proteobacteria,Alphaproteobacteria,Acetobacterales,Acetobacteraceae,NA,NA
ASV_72,Bacteria,Bacteroidetes,Bacteroidia,Flavobacteriales,Weeksellaceae,Chryseobacterium,NA
ASV_73,Bacteria,Firmicutes,Bacilli,Bacillales,Planococcaceae,NA,NA
ASV_74,Bacteria,Proteobacteria,Alphaproteobacteria,Caulobacterales,Caulobacteraceae,NA,NA
ASV_76,Bacteria,Firmicutes,Bacilli,Bacillales,Bacillaceae,NA,NA
ASV_77,Bacteria,Proteobacteria,Gammaproteobacteria,Xanthomonadales,Xanthomonadaceae,Pseudoxanthomonas,NA
ASV_78,Bacteria,Actinobacteria,Actinobacteria,Micrococcales,Microbacteriaceae,Curtobacterium,NA
ASV_79,Bacteria,Bacteroidetes,Bacteroidia,Flavobacteriales,Flavobacteriaceae,Flavobacterium,NA
ASV_80,Bacteria,Firmicutes,Bacilli,Lactobacillales,Streptococcaceae,Streptococcus,NA
ASV_81,Bacteria,Bacteroidetes,Bacteroidia,Sphingobacteriales,Sphingobacteriaceae,Sphingobacterium,NA
ASV_83,Bacteria,Bacteroidetes,Bacteroidia,Flavobacteriales,Weeksellaceae,Moheibacter,NA
ASV_85,Bacteria,Proteobacteria,Alphaproteobacteria,Caulobacterales,Caulobacteraceae,Brevundimonas,NA
ASV_89,Bacteria,Firmicutes,Bacilli,Lactobacillales,Lactobacillaceae,Lactobacillus,apis
ASV_91,Bacteria,Proteobacteria,Alphaproteobacteria,Rhizobiales,Rhizobiaceae,Allorhizobium-Neorhizobium-Pararhizobium-Rhizobium,NA
ASV_92,Bacteria,Actinobacteria,Actinobacteria,Micrococcales,Micrococcaceae,Pseudarthrobacter,NA
ASV_93,Bacteria,Firmicutes,Bacilli,Bacillales,Bacillaceae,Anaerobacillus,isosaccharinicus
ASV_96,Bacteria,Firmicutes,Bacilli,Bacillales,Bacillaceae,Anoxybacillus,NA
ASV_97,Bacteria,Bacteroidetes,Bacteroidia,Flavobacteriales,Weeksellaceae,Chryseobacterium,hominis
ASV_98,Bacteria,Proteobacteria,Alphaproteobacteria,Rhizobiales,Devosiaceae,NA,NA
ASV_99,Bacteria,Proteobacteria,Gammaproteobacteria,Pseudomonadales,Pseudomonadaceae,Pseudomonas,NA
ASV_101,Bacteria,Proteobacteria,Gammaproteobacteria,Betaproteobacteriales,Rhodocyclaceae,Methyloversatilis,universalis
ASV_102,Bacteria,Firmicutes,Bacilli,Bacillales,Bacillaceae,Geobacillus,NA
ASV_103,Bacteria,Proteobacteria,Gammaproteobacteria,Enterobacteriales,Enterobacteriaceae,NA,NA
ASV_105,Bacteria,Firmicutes,Bacilli,Bacillales,Planococcaceae,Lysinibacillus,NA
ASV_106,Bacteria,Actinobacteria,Actinobacteria,Corynebacteriales,Corynebacteriaceae,Corynebacterium_1,NA
ASV_107,Bacteria,Actinobacteria,Actinobacteria,Corynebacteriales,Corynebacteriaceae,Corynebacterium_1,lipophiloflavum
ASV_108,Bacteria,Proteobacteria,Gammaproteobacteria,Diplorickettsiales,Diplorickettsiaceae,Rickettsiella,viridis
ASV_109,Bacteria,Bacteroidetes,Bacteroidia,Bacteroidales,Dysgonomonadaceae,Dysgonomonas,NA
ASV_110,Bacteria,Proteobacteria,Alphaproteobacteria,Rhizobiales,Beijerinckiaceae,Bosea,NA
ASV_112,Bacteria,Actinobacteria,Actinobacteria,Micrococcales,Microbacteriaceae,Frondihabitans,NA
ASV_113,Bacteria,Proteobacteria,Alphaproteobacteria,Rhizobiales,Beijerinckiaceae,Methylobacterium,NA
ASV_114,Bacteria,Bacteroidetes,Bacteroidia,Sphingobacteriales,Sphingobacteriaceae,Pedobacter,NA
ASV_115,Bacteria,Firmicutes,Clostridia,Clostridiales,Peptostreptococcaceae,Peptoclostridium,NA
ASV_116,Bacteria,Proteobacteria,Alphaproteobacteria,Caulobacterales,Caulobacteraceae,Brevundimonas,NA
ASV_117,Bacteria,Proteobacteria,Alphaproteobacteria,Sphingomonadales,Sphingomonadaceae,Sphingomonas,NA
ASV_119,Bacteria,Firmicutes,Bacilli,Lactobacillales,Enterococcaceae,Vagococcus,NA
ASV_120,Bacteria,Firmicutes,Clostridia,Clostridiales,Ruminococcaceae,Ruminococcaceae_UCG-014,NA
ASV_122,Bacteria,Bacteroidetes,Bacteroidia,Flavobacteriales,Weeksellaceae,Chryseobacterium,NA
ASV_123,Bacteria,Proteobacteria,Alphaproteobacteria,Rhodobacterales,Rhodobacteraceae,Yangia,pacifica
ASV_125,Bacteria,Firmicutes,Bacilli,Lactobacillales,Lactobacillaceae,Lactobacillus,NA
ASV_126,Bacteria,Actinobacteria,Actinobacteria,Corynebacteriales,Corynebacteriaceae,Corynebacterium_1,NA
ASV_127,Bacteria,Bacteroidetes,Bacteroidia,Sphingobacteriales,Sphingobacteriaceae,Pedobacter,NA
ASV_128,Bacteria,Proteobacteria,Gammaproteobacteria,Enterobacteriales,Enterobacteriaceae,NA,NA
ASV_129,Bacteria,Proteobacteria,Gammaproteobacteria,Oceanospirillales,Halomonadaceae,Halomonas,NA
ASV_130,Bacteria,Proteobacteria,Alphaproteobacteria,Sphingomonadales,Sphingomonadaceae,Sphingobium,yanoikuyae
ASV_131,Bacteria,Proteobacteria,Gammaproteobacteria,Betaproteobacteriales,Burkholderiaceae,Pelomonas,NA
ASV_132,Bacteria,Proteobacteria,Gammaproteobacteria,Betaproteobacteriales,Neisseriaceae,Snodgrassella,NA
ASV_133,Bacteria,Proteobacteria,Gammaproteobacteria,Betaproteobacteriales,Neisseriaceae,Snodgrassella,NA
ASV_134,Bacteria,Proteobacteria,Gammaproteobacteria,Betaproteobacteriales,Hydrogenophilaceae,Tepidiphilus,succinatimandens
ASV_135,Bacteria,Proteobacteria,Alphaproteobacteria,Rhodobacterales,Rhodobacteraceae,Rubellimicrobium,NA
ASV_136,Bacteria,Proteobacteria,Gammaproteobacteria,Oceanospirillales,Halomonadaceae,Carnimonas,NA
ASV_138,Bacteria,Proteobacteria,Alphaproteobacteria,Rhizobiales,Xanthobacteraceae,Bradyrhizobium,NA
ASV_139,Bacteria,Proteobacteria,Gammaproteobacteria,Betaproteobacteriales,Burkholderiaceae,Duganella,radicis
ASV_141,Bacteria,Bacteroidetes,Bacteroidia,Bacteroidales,Dysgonomonadaceae,Proteiniphilum,acetatigenes
ASV_143,Bacteria,Proteobacteria,Gammaproteobacteria,Xanthomonadales,Xanthomonadaceae,Stenotrophomonas,NA
ASV_144,Bacteria,Actinobacteria,Actinobacteria,Propionibacteriales,Nocardioidaceae,Aeromicrobium,NA
ASV_145,Bacteria,Firmicutes,Bacilli,Lactobacillales,Enterococcaceae,Enterococcus,NA
ASV_148,Bacteria,Proteobacteria,Gammaproteobacteria,Betaproteobacteriales,Burkholderiaceae,Xylophilus,NA
ASV_149,Bacteria,Bacteroidetes,Bacteroidia,Flavobacteriales,Weeksellaceae,Chryseobacterium,NA
ASV_151,Bacteria,Actinobacteria,Actinobacteria,Propionibacteriales,Nocardioidaceae,Nocardioides,NA
ASV_152,Bacteria,Actinobacteria,Actinobacteria,Micrococcales,Dermacoccaceae,Flexivirga,alba
ASV_153,Bacteria,Proteobacteria,Gammaproteobacteria,Pseudomonadales,Pseudomonadaceae,Pseudomonas,NA
ASV_155,Bacteria,Planctomycetes,Planctomycetacia,Pirellulales,Pirellulaceae,Pir4_lineage,NA
ASV_156,Bacteria,Proteobacteria,Gammaproteobacteria,Orbales,Orbaceae,Gilliamella,NA
ASV_159,Bacteria,Proteobacteria,Alphaproteobacteria,Rhizobiales,Rhizobiaceae,Pseudochrobactrum,kiredjianiae
ASV_160,Bacteria,Proteobacteria,Gammaproteobacteria,Enterobacteriales,Enterobacteriaceae,Proteus,NA
ASV_161,Bacteria,Bacteroidetes,Bacteroidia,Flavobacteriales,Weeksellaceae,Cloacibacterium,NA
ASV_162,Bacteria,Proteobacteria,Gammaproteobacteria,Betaproteobacteriales,Burkholderiaceae,Massilia,brevitalea
ASV_163,Bacteria,Proteobacteria,Alphaproteobacteria,Sphingomonadales,Sphingomonadaceae,NA,NA
ASV_164,Bacteria,Bacteroidetes,Bacteroidia,Flavobacteriales,Flavobacteriaceae,Myroides,NA
ASV_166,Bacteria,Firmicutes,Bacilli,Lactobacillales,Lactobacillaceae,Lactobacillus,NA
ASV_167,Bacteria,Proteobacteria,Alphaproteobacteria,Caulobacterales,Caulobacteraceae,Asticcacaulis,excentricus
ASV_168,Bacteria,Proteobacteria,Alphaproteobacteria,Sphingomonadales,Sphingomonadaceae,Sphingopyxis,NA
ASV_174,Bacteria,Proteobacteria,Gammaproteobacteria,Betaproteobacteriales,Rhodocyclaceae,NA,NA
ASV_176,Bacteria,Proteobacteria,Gammaproteobacteria,Pseudomonadales,Moraxellaceae,Alkanindiges,illinoisensis
ASV_180,Bacteria,Proteobacteria,Gammaproteobacteria,Xanthomonadales,Rhodanobacteraceae,Luteibacter,NA
ASV_181,Bacteria,Proteobacteria,Gammaproteobacteria,Enterobacteriales,Enterobacteriaceae,Buttiauxella,NA
ASV_182,Bacteria,Proteobacteria,Gammaproteobacteria,Orbales,Orbaceae,Gilliamella,NA
ASV_185,Bacteria,Proteobacteria,Gammaproteobacteria,Enterobacteriales,Enterobacteriaceae,Serratia,NA
ASV_188,Bacteria,Firmicutes,Clostridia,Clostridiales,Family_XI,Peptoniphilus,NA
ASV_190,Bacteria,Proteobacteria,Alphaproteobacteria,Sphingomonadales,Sphingomonadaceae,Sphingomonas,cynarae
ASV_191,Bacteria,Proteobacteria,Gammaproteobacteria,Betaproteobacteriales,Rhodocyclaceae,Uliginosibacterium,NA
ASV_192,Bacteria,Proteobacteria,Alphaproteobacteria,Rhodobacterales,Rhodobacteraceae,Paracoccus,NA
ASV_195,Bacteria,Proteobacteria,Gammaproteobacteria,Oceanospirillales,Halomonadaceae,Zymobacter,palmae
ASV_196,Bacteria,Proteobacteria,Gammaproteobacteria,Pseudomonadales,Moraxellaceae,Acinetobacter,NA
ASV_197,Bacteria,Firmicutes,Bacilli,Bacillales,Bacillaceae,Anaerobacillus,NA
ASV_198,Bacteria,Proteobacteria,Gammaproteobacteria,Betaproteobacteriales,Hydrogenophilaceae,Tepidiphilus,NA
ASV_199,Bacteria,Proteobacteria,Gammaproteobacteria,Betaproteobacteriales,Neisseriaceae,Snodgrassella,NA
ASV_200,Bacteria,Actinobacteria,Actinobacteria,Propionibacteriales,Nocardioidaceae,Nocardioides,rubriscoriae
ASV_201,Bacteria,Actinobacteria,Actinobacteria,Corynebacteriales,Corynebacteriaceae,Corynebacterium_1,NA
ASV_202,Bacteria,Bacteroidetes,Bacteroidia,Flavobacteriales,Weeksellaceae,Cloacibacterium,NA
ASV_203,Bacteria,Proteobacteria,Gammaproteobacteria,Orbales,Orbaceae,Gilliamella,NA
ASV_207,Bacteria,Proteobacteria,Gammaproteobacteria,Betaproteobacteriales,Burkholderiaceae,Xylophilus,NA
ASV_208,Bacteria,Actinobacteria,Actinobacteria,Corynebacteriales,Nocardiaceae,Nocardia,NA
ASV_211,Bacteria,Proteobacteria,Gammaproteobacteria,Orbales,Orbaceae,Gilliamella,NA
ASV_212,Bacteria,Firmicutes,Bacilli,Lactobacillales,Lactobacillaceae,Lactobacillus,NA
ASV_214,Bacteria,Bacteroidetes,Bacteroidia,Sphingobacteriales,Sphingobacteriaceae,Sphingobacterium,spiritivorum
ASV_215,Bacteria,Firmicutes,Bacilli,Lactobacillales,Lactobacillaceae,Lactobacillus,NA
ASV_216,Bacteria,Firmicutes,Bacilli,Lactobacillales,Lactobacillaceae,Lactobacillus,NA
ASV_217,Bacteria,Proteobacteria,Gammaproteobacteria,Betaproteobacteriales,Neisseriaceae,Snodgrassella,NA
ASV_218,Bacteria,Bacteroidetes,Bacteroidia,Bacteroidales,Dysgonomonadaceae,Dysgonomonas,NA
ASV_224,Bacteria,Firmicutes,Bacilli,Bacillales,Planococcaceae,Psychrobacillus,NA
ASV_226,Bacteria,Actinobacteria,Actinobacteria,Bifidobacteriales,Bifidobacteriaceae,Bombiscardovia,NA
ASV_227,Bacteria,Bacteroidetes,Bacteroidia,Flavobacteriales,NS9_marine_group,NA,NA
ASV_230,Bacteria,Proteobacteria,Gammaproteobacteria,Orbales,Orbaceae,Gilliamella,NA
ASV_232,Bacteria,Actinobacteria,Actinobacteria,Bifidobacteriales,Bifidobacteriaceae,Bifidobacterium,NA
ASV_233,Bacteria,Actinobacteria,Actinobacteria,Micrococcales,Dermatophilaceae,NA,NA
ASV_234,Bacteria,Proteobacteria,Alphaproteobacteria,Sphingomonadales,Sphingomonadaceae,Sphingomonas,NA
ASV_237,Bacteria,Proteobacteria,Gammaproteobacteria,Enterobacteriales,Enterobacteriaceae,Serratia,NA
ASV_238,Bacteria,Proteobacteria,Alphaproteobacteria,Rhodobacterales,Rhodobacteraceae,Yangia,NA
ASV_239,Bacteria,Firmicutes,Bacilli,Lactobacillales,Carnobacteriaceae,Atopostipes,NA
ASV_240,Bacteria,Proteobacteria,Gammaproteobacteria,Betaproteobacteriales,Burkholderiaceae,Schlegelella,NA
ASV_241,Bacteria,Actinobacteria,Actinobacteria,Propionibacteriales,Nocardioidaceae,Aeromicrobium,NA
ASV_243,Bacteria,Proteobacteria,Gammaproteobacteria,Xanthomonadales,Xanthomonadaceae,Pseudoxanthomonas,NA
ASV_246,Bacteria,Proteobacteria,Alphaproteobacteria,Rhizobiales,Beijerinckiaceae,Methylobacterium,NA
ASV_250,Bacteria,Proteobacteria,Gammaproteobacteria,Orbales,Orbaceae,Gilliamella,NA
ASV_251,Bacteria,Proteobacteria,Gammaproteobacteria,Betaproteobacteriales,Neisseriaceae,Snodgrassella,NA
ASV_253,Bacteria,Bacteroidetes,Bacteroidia,Sphingobacteriales,Sphingobacteriaceae,Sphingobacterium,NA
ASV_254,Bacteria,Proteobacteria,Gammaproteobacteria,Pseudomonadales,Moraxellaceae,Acinetobacter,NA
ASV_255,Bacteria,Proteobacteria,Gammaproteobacteria,Enterobacteriales,Enterobacteriaceae,Moellerella,NA
ASV_256,Bacteria,Actinobacteria,Actinobacteria,Propionibacteriales,Nocardioidaceae,Aeromicrobium,NA
ASV_260,Bacteria,Proteobacteria,Gammaproteobacteria,Pseudomonadales,Moraxellaceae,Acinetobacter,nectaris
ASV_262,Bacteria,Actinobacteria,Thermoleophilia,Solirubrobacterales,Solirubrobacteraceae,Conexibacter,NA
ASV_266,Bacteria,Proteobacteria,Gammaproteobacteria,Orbales,Orbaceae,Gilliamella,NA
ASV_267,Bacteria,Bacteroidetes,Bacteroidia,Bacteroidales,Prevotellaceae,Prevotella_9,NA
ASV_269,Bacteria,Proteobacteria,Gammaproteobacteria,Betaproteobacteriales,Burkholderiaceae,Massilia,NA
ASV_270,Bacteria,Epsilonbacteraeota,Campylobacteria,Campylobacterales,Campylobacteraceae,Campylobacter,NA
ASV_272,Bacteria,Firmicutes,Bacilli,Lactobacillales,Enterococcaceae,Catellicoccus,NA
ASV_275,Bacteria,Proteobacteria,Gammaproteobacteria,Pseudomonadales,Moraxellaceae,Acinetobacter,lwoffii
ASV_276,Bacteria,Firmicutes,Bacilli,Lactobacillales,Lactobacillaceae,Lactobacillus,iners
ASV_277,Bacteria,Proteobacteria,Alphaproteobacteria,Rhodobacterales,Rhodobacteraceae,Ascidiaceihabitans,NA
ASV_279,Bacteria,Proteobacteria,Gammaproteobacteria,Betaproteobacteriales,Neisseriaceae,Snodgrassella,NA
ASV_282,Bacteria,Firmicutes,Bacilli,Lactobacillales,Carnobacteriaceae,Atopostipes,NA
ASV_283,Bacteria,Actinobacteria,Actinobacteria,Corynebacteriales,Corynebacteriaceae,Corynebacterium,NA
ASV_284,Bacteria,Proteobacteria,Gammaproteobacteria,Orbales,Orbaceae,Gilliamella,NA
ASV_287,Bacteria,Bacteroidetes,Bacteroidia,Cytophagales,Hymenobacteraceae,Hymenobacter,NA
ASV_289,Bacteria,Bacteroidetes,Bacteroidia,Sphingobacteriales,Sphingobacteriaceae,Sphingobacterium,NA
ASV_290,Bacteria,Actinobacteria,Actinobacteria,Micrococcales,Intrasporangiaceae,NA,NA
ASV_293,Bacteria,Proteobacteria,Gammaproteobacteria,Cardiobacteriales,Wohlfahrtiimonadaceae,Wohlfahrtiimonas,chitiniclastica
ASV_300,Bacteria,Actinobacteria,Actinobacteria,Frankiales,Geodermatophilaceae,Blastococcus,NA
ASV_301,Bacteria,Actinobacteria,Actinobacteria,Actinomycetales,Actinomycetaceae,Actinomyces,odontolyticus
ASV_307,Bacteria,Actinobacteria,Actinobacteria,Micrococcales,Intrasporangiaceae,Janibacter,NA
ASV_309,Bacteria,Proteobacteria,Gammaproteobacteria,Orbales,Orbaceae,Gilliamella,NA
ASV_317,Bacteria,Actinobacteria,Actinobacteria,Pseudonocardiales,Pseudonocardiaceae,Actinomycetospora,iriomotensis
ASV_330,Bacteria,Proteobacteria,Gammaproteobacteria,Betaproteobacteriales,Burkholderiaceae,Rhizobacter,NA
ASV_340,Bacteria,Deinococcus-Thermus,Deinococci,Thermales,Thermaceae,Meiothermus,NA
ASV_341,Bacteria,Proteobacteria,Gammaproteobacteria,Betaproteobacteriales,Neisseriaceae,Snodgrassella,NA
ASV_343,Bacteria,Actinobacteria,Actinobacteria,Micrococcales,Intrasporangiaceae,Janibacter,NA
ASV_344,Bacteria,Actinobacteria,Actinobacteria,Corynebacteriales,Nocardiaceae,Rhodococcus,NA
ASV_347,Bacteria,Proteobacteria,Gammaproteobacteria,Betaproteobacteriales,Burkholderiaceae,Massilia,NA
ASV_349,Bacteria,Proteobacteria,Alphaproteobacteria,Rhizobiales,Beijerinckiaceae,Microvirga,aerilata
ASV_350,Bacteria,Bacteroidetes,Bacteroidia,Flavobacteriales,Weeksellaceae,Chryseobacterium,NA
ASV_351,Bacteria,Firmicutes,Bacilli,Lactobacillales,Leuconostocaceae,Weissella,NA
ASV_352,Bacteria,Proteobacteria,Alphaproteobacteria,Sphingomonadales,Sphingomonadaceae,Ellin6055,NA
ASV_357,Bacteria,Firmicutes,Bacilli,Bacillales,Family_X,Thermicanus,NA
ASV_359,Bacteria,Proteobacteria,Gammaproteobacteria,Oceanospirillales,Halomonadaceae,Carnimonas,NA
ASV_363,Bacteria,Proteobacteria,Deltaproteobacteria,Myxococcales,Polyangiaceae,Pajaroellobacter,NA
ASV_364,Bacteria,Proteobacteria,Gammaproteobacteria,Orbales,Orbaceae,NA,NA
ASV_378,Bacteria,Bacteroidetes,Bacteroidia,Chitinophagales,Chitinophagaceae,NA,NA
ASV_387,Bacteria,Proteobacteria,Gammaproteobacteria,Pseudomonadales,Moraxellaceae,Acinetobacter,NA
ASV_389,Bacteria,Proteobacteria,Gammaproteobacteria,Orbales,Orbaceae,Gilliamella,NA
ASV_394,Bacteria,Proteobacteria,Gammaproteobacteria,Betaproteobacteriales,Burkholderiaceae,Leptothrix,NA
ASV_398,Bacteria,Proteobacteria,Gammaproteobacteria,Betaproteobacteriales,Burkholderiaceae,NA,NA
ASV_408,Bacteria,Proteobacteria,Gammaproteobacteria,Enterobacteriales,Enterobacteriaceae,NA,NA
ASV_412,Bacteria,Actinobacteria,Actinobacteria,Propionibacteriales,Nocardioidaceae,Nocardioides,NA
ASV_413,Bacteria,Firmicutes,Bacilli,Bacillales,Family_X,Thermicanus,NA
ASV_423,Bacteria,Firmicutes,Bacilli,Lactobacillales,Enterococcaceae,Catellicoccus,NA
ASV_433,Bacteria,Proteobacteria,Gammaproteobacteria,Orbales,Orbaceae,Gilliamella,NA
ASV_440,Bacteria,Bacteroidetes,Bacteroidia,Bacteroidales,Prevotellaceae,Prevotella,amnii
ASV_447,Bacteria,Actinobacteria,Actinobacteria,Micrococcales,Brevibacteriaceae,Brevibacterium,NA
ASV_453,Bacteria,Firmicutes,Bacilli,Lactobacillales,Lactobacillaceae,Lactobacillus,NA
ASV_454,Bacteria,Proteobacteria,Gammaproteobacteria,Betaproteobacteriales,Neisseriaceae,Snodgrassella,NA
ASV_459,Bacteria,Proteobacteria,Gammaproteobacteria,Orbales,Orbaceae,Gilliamella,NA
ASV_467,Bacteria,Actinobacteria,Actinobacteria,Frankiales,Acidothermaceae,Acidothermus,NA
ASV_468,Bacteria,Actinobacteria,Actinobacteria,Kineosporiales,Kineosporiaceae,Quadrisphaera,NA
ASV_482,Bacteria,Proteobacteria,Alphaproteobacteria,Rhizobiales,Devosiaceae,Devosia,NA
ASV_483,Bacteria,Acidobacteria,Acidobacteriia,Acidobacteriales,Acidobacteriaceae_(Subgroup_1),Granulicella,NA
ASV_498,Bacteria,Proteobacteria,Alphaproteobacteria,Rhizobiales,Rhizobiaceae,Paramesorhizobium,NA
ASV_500,Bacteria,Proteobacteria,Gammaproteobacteria,Xanthomonadales,Xanthomonadaceae,Lysobacter,NA
ASV_506,Bacteria,Bacteroidetes,Bacteroidia,Bacteroidales,Rikenellaceae,Rikenellaceae_RC9_gut_group,NA
ASV_509,Bacteria,Firmicutes,Bacilli,Bacillales,Bacillaceae,Geobacillus,NA
ASV_510,Bacteria,Proteobacteria,Gammaproteobacteria,Pseudomonadales,Moraxellaceae,Acinetobacter,NA
ASV_511,Bacteria,Fusobacteria,Fusobacteriia,Fusobacteriales,Leptotrichiaceae,Leptotrichia,NA
ASV_512,Bacteria,Proteobacteria,Gammaproteobacteria,Oceanospirillales,Halomonadaceae,Carnimonas,NA
ASV_517,Bacteria,Proteobacteria,Gammaproteobacteria,Enterobacteriales,Enterobacteriaceae,Morganella,NA
ASV_518,Bacteria,Actinobacteria,Actinobacteria,Micrococcales,Dermacoccaceae,Dermacoccus,nishinomiyaensis
ASV_520,Bacteria,Firmicutes,Bacilli,Lactobacillales,Carnobacteriaceae,Atopostipes,NA
ASV_521,Bacteria,Firmicutes,Bacilli,Lactobacillales,Lactobacillaceae,Lactobacillus,NA
ASV_530,Bacteria,Actinobacteria,Actinobacteria,Micrococcales,Dermacoccaceae,Kytococcus,sedentarius
ASV_534,Bacteria,Proteobacteria,Alphaproteobacteria,Caulobacterales,Caulobacteraceae,Phenylobacterium,NA
ASV_535,Bacteria,Proteobacteria,Alphaproteobacteria,Rhizobiales,Rhizobiaceae,Allorhizobium-Neorhizobium-Pararhizobium-Rhizobium,NA
ASV_543,Bacteria,Verrucomicrobia,Verrucomicrobiae,Verrucomicrobiales,DEV007,NA,NA
ASV_545,Bacteria,Firmicutes,Bacilli,Lactobacillales,Leuconostocaceae,Weissella,NA
ASV_546,Bacteria,Bacteroidetes,Bacteroidia,Sphingobacteriales,Sphingobacteriaceae,Pedobacter,NA
ASV_550,Bacteria,Bacteroidetes,Bacteroidia,Flavobacteriales,Weeksellaceae,Cloacibacterium,NA
ASV_552,Bacteria,Proteobacteria,Gammaproteobacteria,Enterobacteriales,Enterobacteriaceae,NA,NA
ASV_555,Bacteria,Firmicutes,Bacilli,Lactobacillales,Leuconostocaceae,Weissella,NA
ASV_557,Bacteria,Bacteroidetes,Bacteroidia,Flavobacteriales,Flavobacteriaceae,Flavobacterium,NA
ASV_565,Bacteria,Bacteroidetes,Bacteroidia,Sphingobacteriales,Sphingobacteriaceae,Sphingobacterium,NA
ASV_572,Bacteria,Proteobacteria,Gammaproteobacteria,Betaproteobacteriales,Burkholderiaceae,Ideonella,dechloratans
ASV_573,Bacteria,Proteobacteria,Alphaproteobacteria,Sphingomonadales,Sphingomonadaceae,NA,NA
ASV_575,Bacteria,Actinobacteria,Actinobacteria,Micrococcales,Microbacteriaceae,NA,NA
ASV_576,Bacteria,Proteobacteria,Gammaproteobacteria,Xanthomonadales,Xanthomonadaceae,Luteimonas,NA
ASV_579,Bacteria,Firmicutes,Bacilli,Bacillales,Bacillaceae,Anaerobacillus,NA
ASV_580,Bacteria,Proteobacteria,Gammaproteobacteria,Enterobacteriales,Enterobacteriaceae,Pantoea,NA
ASV_584,Bacteria,Bacteroidetes,Bacteroidia,Flavobacteriales,Weeksellaceae,Chryseobacterium,NA
ASV_598,Bacteria,Firmicutes,Bacilli,Lactobacillales,Lactobacillaceae,Lactobacillus,NA
ASV_600,Bacteria,Proteobacteria,Gammaproteobacteria,Orbales,Orbaceae,Gilliamella,NA
ASV_601,Bacteria,Proteobacteria,Gammaproteobacteria,Oceanospirillales,Halomonadaceae,Carnimonas,NA
ASV_608,Bacteria,Proteobacteria,Deltaproteobacteria,Desulfarculales,Desulfarculaceae,NA,NA
ASV_613,Bacteria,Proteobacteria,Gammaproteobacteria,Oceanospirillales,Halomonadaceae,Carnimonas,NA
ASV_618,Bacteria,Proteobacteria,Gammaproteobacteria,Betaproteobacteriales,Neisseriaceae,Snodgrassella,NA
ASV_619,Bacteria,Actinobacteria,Actinobacteria,Micrococcales,Intrasporangiaceae,Janibacter,NA
ASV_620,Bacteria,Proteobacteria,Gammaproteobacteria,Enterobacteriales,Enterobacteriaceae,NA,NA
ASV_624,Bacteria,Actinobacteria,Actinobacteria,Micrococcales,Intrasporangiaceae,NA,NA
ASV_629,Bacteria,Firmicutes,Bacilli,Bacillales,Staphylococcaceae,Staphylococcus,NA
ASV_632,Bacteria,Proteobacteria,Gammaproteobacteria,Orbales,Orbaceae,Gilliamella,NA
ASV_636,Bacteria,Proteobacteria,Gammaproteobacteria,Pseudomonadales,Pseudomonadaceae,Azorhizophilus,NA
ASV_637,Bacteria,Proteobacteria,Alphaproteobacteria,Rhizobiales,Xanthobacteraceae,Afipia,NA
ASV_641,Bacteria,Bacteroidetes,Bacteroidia,Sphingobacteriales,Sphingobacteriaceae,Sphingobacterium,NA
ASV_648,Bacteria,Bacteroidetes,Bacteroidia,Cytophagales,Hymenobacteraceae,Hymenobacter,NA
ASV_649,Bacteria,Proteobacteria,Gammaproteobacteria,Enterobacteriales,Enterobacteriaceae,Proteus,NA
ASV_650,Bacteria,Proteobacteria,Gammaproteobacteria,Pseudomonadales,Moraxellaceae,Acinetobacter,NA
ASV_651,Bacteria,Proteobacteria,Alphaproteobacteria,Rhodobacterales,Rhodobacteraceae,Ascidiaceihabitans,NA
ASV_671,Bacteria,Proteobacteria,Gammaproteobacteria,Orbales,Orbaceae,Gilliamella,NA
ASV_675,Bacteria,Proteobacteria,Gammaproteobacteria,Betaproteobacteriales,Burkholderiaceae,NA,NA
ASV_676,Bacteria,Proteobacteria,Gammaproteobacteria,Enterobacteriales,Enterobacteriaceae,Serratia,NA
ASV_677,Bacteria,Proteobacteria,Gammaproteobacteria,Xanthomonadales,Rhodanobacteraceae,Dokdonella,NA
ASV_683,Bacteria,Proteobacteria,Gammaproteobacteria,Pseudomonadales,Pseudomonadaceae,Pseudomonas,NA
ASV_684,Bacteria,Firmicutes,Clostridia,Clostridiales,Clostridiaceae_1,Clostridium_sensu_stricto_10,NA
ASV_685,Bacteria,Proteobacteria,Gammaproteobacteria,Oceanospirillales,Halomonadaceae,Halomonas,NA
ASV_690,Bacteria,Firmicutes,Bacilli,Lactobacillales,Lactobacillaceae,Lactobacillus,NA
ASV_692,Bacteria,Proteobacteria,Gammaproteobacteria,Betaproteobacteriales,Hydrogenophilaceae,Hydrogenophilus,NA
ASV_695,Bacteria,Actinobacteria,Actinobacteria,Corynebacteriales,Nocardiaceae,Rhodococcus,NA
ASV_697,Bacteria,Proteobacteria,Gammaproteobacteria,Oceanospirillales,Halomonadaceae,Halomonas,NA
ASV_702,Bacteria,Firmicutes,Bacilli,Lactobacillales,Leuconostocaceae,Weissella,NA
ASV_704,Bacteria,Proteobacteria,Gammaproteobacteria,Xanthomonadales,Xanthomonadaceae,Thermomonas,NA
ASV_705,Bacteria,Proteobacteria,Alphaproteobacteria,Sphingomonadales,Sphingomonadaceae,Sphingomonas,NA
ASV_706,Bacteria,Proteobacteria,Gammaproteobacteria,Betaproteobacteriales,SC-I-84,NA,NA
ASV_708,Bacteria,Proteobacteria,Gammaproteobacteria,Oceanospirillales,Halomonadaceae,Carnimonas,NA
ASV_715,Bacteria,Proteobacteria,Alphaproteobacteria,Sphingomonadales,Sphingomonadaceae,Sphingomonas,NA
ASV_738,Bacteria,Proteobacteria,Gammaproteobacteria,Enterobacteriales,Enterobacteriaceae,NA,NA
ASV_739,Bacteria,Proteobacteria,Gammaproteobacteria,Betaproteobacteriales,Burkholderiaceae,Tepidimonas,NA
ASV_745,Bacteria,Bacteroidetes,Bacteroidia,Flavobacteriales,Weeksellaceae,NA,NA
ASV_746,Bacteria,Bacteroidetes,Bacteroidia,Flavobacteriales,Weeksellaceae,Soonwooa,NA
ASV_747,Bacteria,Firmicutes,Bacilli,Lactobacillales,Leuconostocaceae,Weissella,NA
ASV_752,Bacteria,Proteobacteria,Alphaproteobacteria,Rhizobiales,Pleomorphomonadaceae,Pleomorphomonas,NA
ASV_754,Bacteria,Firmicutes,Negativicutes,Selenomonadales,Veillonellaceae,Veillonella,NA
ASV_756,Bacteria,Proteobacteria,Alphaproteobacteria,Sphingomonadales,Sphingomonadaceae,Sphingomonas,NA
ASV_759,Bacteria,Actinobacteria,Actinobacteria,Micrococcales,Microbacteriaceae,Amnibacterium,NA
ASV_767,Bacteria,Actinobacteria,Actinobacteria,Actinomycetales,Actinomycetaceae,Actinomyces,NA
ASV_768,Bacteria,Firmicutes,Clostridia,Clostridiales,Ruminococcaceae,Fastidiosipila,NA
ASV_772,Bacteria,Firmicutes,Bacilli,Lactobacillales,Carnobacteriaceae,Atopostipes,NA
ASV_773,Bacteria,Proteobacteria,Alphaproteobacteria,Sphingomonadales,Sphingomonadaceae,Sphingomonas,NA
ASV_779,Bacteria,Proteobacteria,Gammaproteobacteria,Betaproteobacteriales,Burkholderiaceae,Caenimonas,NA
ASV_781,Bacteria,Proteobacteria,Alphaproteobacteria,Rhizobiales,Xanthobacteraceae,Nitrobacter,NA
ASV_783,Bacteria,Actinobacteria,Actinobacteria,Bifidobacteriales,Bifidobacteriaceae,Gardnerella,vaginalis
ASV_784,Bacteria,Gemmatimonadetes,Gemmatimonadetes,Gemmatimonadales,Gemmatimonadaceae,Gemmatimonas,NA
ASV_785,Bacteria,Firmicutes,Bacilli,Bacillales,Bacillaceae,NA,NA
ASV_789,Bacteria,Proteobacteria,Alphaproteobacteria,Rickettsiales,SM2D12,NA,NA
ASV_796,Bacteria,Proteobacteria,Gammaproteobacteria,Betaproteobacteriales,Neisseriaceae,Snodgrassella,NA
ASV_797,Bacteria,Proteobacteria,Gammaproteobacteria,Betaproteobacteriales,Burkholderiaceae,Tepidimonas,NA
ASV_805,Bacteria,Proteobacteria,Gammaproteobacteria,Cardiobacteriales,Wohlfahrtiimonadaceae,Koukoulia,NA
ASV_811,Bacteria,Bacteroidetes,Bacteroidia,Sphingobacteriales,Sphingobacteriaceae,Sphingobacterium,NA
ASV_815,Bacteria,Bacteroidetes,Bacteroidia,Flavobacteriales,Weeksellaceae,Chryseobacterium,NA
ASV_816,Bacteria,Planctomycetes,Planctomycetacia,Pirellulales,Pirellulaceae,Pir4_lineage,NA
ASV_819,Bacteria,Bacteroidetes,Bacteroidia,Flavobacteriales,Weeksellaceae,Chryseobacterium,NA
ASV_820,Bacteria,Proteobacteria,Alphaproteobacteria,Rhodobacterales,Rhodobacteraceae,Natronohydrobacter,NA
ASV_824,Bacteria,Bacteroidetes,Bacteroidia,Sphingobacteriales,Sphingobacteriaceae,Pedobacter,panaciterrae
ASV_826,Bacteria,Bacteroidetes,Bacteroidia,Cytophagales,Hymenobacteraceae,Adhaeribacter,NA
ASV_827,Bacteria,Planctomycetes,Planctomycetacia,Isosphaerales,Isosphaeraceae,NA,NA
ASV_834,Bacteria,Proteobacteria,Alphaproteobacteria,Rhodobacterales,Rhodobacteraceae,Paracoccus,NA
ASV_845,Bacteria,Bacteroidetes,Bacteroidia,Chitinophagales,Chitinophagaceae,Ferruginibacter,NA
ASV_846,Bacteria,Proteobacteria,Gammaproteobacteria,Betaproteobacteriales,Neisseriaceae,Snodgrassella,NA
ASV_851,Bacteria,Actinobacteria,Coriobacteriia,Coriobacteriales,Atopobiaceae,Atopobium,vaginae
ASV_854,Bacteria,Firmicutes,Bacilli,Lactobacillales,Leuconostocaceae,Weissella,cibaria
ASV_859,Bacteria,Firmicutes,Bacilli,Bacillales,Bacillaceae,Geobacillus,NA
ASV_860,Bacteria,Actinobacteria,Actinobacteria,Corynebacteriales,Mycobacteriaceae,Mycobacterium,NA
ASV_866,Bacteria,Proteobacteria,Gammaproteobacteria,Enterobacteriales,Enterobacteriaceae,NA,NA
ASV_867,Bacteria,Proteobacteria,Alphaproteobacteria,Sphingomonadales,Sphingomonadaceae,Sphingopyxis,NA
ASV_868,Bacteria,Proteobacteria,Alphaproteobacteria,Rhizobiales,Beijerinckiaceae,Bosea,NA
ASV_870,Bacteria,Proteobacteria,Gammaproteobacteria,Aeromonadales,Aeromonadaceae,Aeromonas,NA
ASV_871,Bacteria,Actinobacteria,Actinobacteria,Corynebacteriales,Nocardiaceae,Rhodococcus,NA
ASV_877,Bacteria,Proteobacteria,Gammaproteobacteria,Betaproteobacteriales,Neisseriaceae,Snodgrassella,NA
ASV_882,Bacteria,Actinobacteria,Actinobacteria,Propionibacteriales,Nocardioidaceae,Nocardioides,NA
ASV_895,Bacteria,Proteobacteria,Gammaproteobacteria,Pseudomonadales,Moraxellaceae,Acinetobacter,NA
ASV_905,Bacteria,Proteobacteria,Gammaproteobacteria,Pseudomonadales,Moraxellaceae,Acinetobacter,NA
ASV_912,Bacteria,Proteobacteria,Gammaproteobacteria,Pseudomonadales,Pseudomonadaceae,Pseudomonas,NA
ASV_913,Bacteria,Proteobacteria,Alphaproteobacteria,Sphingomonadales,Sphingomonadaceae,Sphingomonas,NA
ASV_914,Bacteria,Gemmatimonadetes,Gemmatimonadetes,Gemmatimonadales,Gemmatimonadaceae,NA,NA
ASV_923,Bacteria,Proteobacteria,Alphaproteobacteria,Rhodobacterales,Rhodobacteraceae,NA,NA
ASV_924,Bacteria,Proteobacteria,Gammaproteobacteria,Betaproteobacteriales,Burkholderiaceae,Tepidimonas,NA
ASV_927,Bacteria,Proteobacteria,Gammaproteobacteria,Enterobacteriales,Enterobacteriaceae,NA,NA
ASV_928,Bacteria,Proteobacteria,Gammaproteobacteria,Betaproteobacteriales,Burkholderiaceae,Aquabacterium,commune
ASV_934,Bacteria,Proteobacteria,Gammaproteobacteria,Pseudomonadales,Moraxellaceae,Alkanindiges,NA
ASV_935,Bacteria,Actinobacteria,Actinobacteria,Propionibacteriales,Nocardioidaceae,Marmoricola,NA
ASV_936,Bacteria,Proteobacteria,Gammaproteobacteria,Orbales,Orbaceae,Gilliamella,NA
ASV_950,Bacteria,Proteobacteria,Alphaproteobacteria,Rhizobiales,Xanthobacteraceae,NA,NA
ASV_961,Bacteria,Proteobacteria,Gammaproteobacteria,Halothiobacillales,Halothiobacillaceae,Thiovirga,sulfuroxydans
ASV_962,Bacteria,Actinobacteria,Actinobacteria,Pseudonocardiales,Pseudonocardiaceae,Pseudonocardia,NA
ASV_969,Bacteria,Proteobacteria,Gammaproteobacteria,Enterobacteriales,Enterobacteriaceae,Providencia,stuartii
ASV_970,Bacteria,Actinobacteria,Actinobacteria,Propionibacteriales,Nocardioidaceae,Marmoricola,terrae
ASV_972,Bacteria,Proteobacteria,Gammaproteobacteria,Enterobacteriales,Enterobacteriaceae,NA,NA
ASV_973,Bacteria,Actinobacteria,Actinobacteria,Propionibacteriales,Nocardioidaceae,Marmoricola,NA
ASV_974,Bacteria,Actinobacteria,Actinobacteria,Corynebacteriales,Mycobacteriaceae,Mycobacterium,NA
ASV_975,Bacteria,Actinobacteria,Thermoleophilia,Solirubrobacterales,67-14,NA,NA
ASV_980,Bacteria,Gemmatimonadetes,Gemmatimonadetes,Gemmatimonadales,Gemmatimonadaceae,Gemmatimonas,NA
ASV_990,Bacteria,Bacteroidetes,Bacteroidia,Chitinophagales,Saprospiraceae,NA,NA
ASV_991,Bacteria,Proteobacteria,Gammaproteobacteria,Betaproteobacteriales,Burkholderiaceae,Schlegelella,NA
ASV_992,Bacteria,Fusobacteria,Fusobacteriia,Fusobacteriales,Fusobacteriaceae,Fusobacterium,mortiferum
ASV_993,Bacteria,Acidobacteria,Blastocatellia_(Subgroup_4),Blastocatellales,Blastocatellaceae,JGI_0001001-H03,NA
ASV_994,Bacteria,Proteobacteria,Gammaproteobacteria,Enterobacteriales,Enterobacteriaceae,NA,NA
ASV_995,Bacteria,Firmicutes,Clostridia,Clostridiales,Ruminococcaceae,Fastidiosipila,NA
ASV_996,Bacteria,Proteobacteria,Gammaproteobacteria,Orbales,Orbaceae,Gilliamella,NA
ASV_1005,Bacteria,Proteobacteria,Alphaproteobacteria,Caulobacterales,Caulobacteraceae,NA,NA
ASV_1013,Bacteria,Proteobacteria,Gammaproteobacteria,Enterobacteriales,Enterobacteriaceae,Providencia,NA
ASV_1015,Bacteria,Armatimonadetes,Fimbriimonadia,Fimbriimonadales,Fimbriimonadaceae,NA,NA
ASV_1016,Bacteria,Actinobacteria,Actinobacteria,Propionibacteriales,Nocardioidaceae,Aeromicrobium,NA
ASV_1026,Bacteria,Proteobacteria,Gammaproteobacteria,Pseudomonadales,Pseudomonadaceae,Pseudomonas,NA
ASV_1032,Bacteria,Acidobacteria,Acidobacteriia,Acidobacteriales,Acidobacteriaceae_(Subgroup_1),Occallatibacter,NA
ASV_1033,Bacteria,Firmicutes,Bacilli,Lactobacillales,Streptococcaceae,Lactococcus,NA
ASV_1037,Bacteria,Proteobacteria,Gammaproteobacteria,Betaproteobacteriales,Burkholderiaceae,Massilia,NA
ASV_1038,Bacteria,Proteobacteria,Alphaproteobacteria,Rhizobiales,Hyphomicrobiaceae,Hyphomicrobium,NA
ASV_1039,Bacteria,Actinobacteria,Thermoleophilia,Solirubrobacterales,67-14,NA,NA
ASV_1040,Bacteria,Nitrospirae,Nitrospira,Nitrospirales,Nitrospiraceae,Nitrospira,nitrificans
ASV_1046,Bacteria,Actinobacteria,Actinobacteria,Micromonosporales,Micromonosporaceae,Couchioplanes,NA
ASV_1047,Bacteria,Actinobacteria,Thermoleophilia,Gaiellales,Gaiellaceae,Gaiella,NA
ASV_1049,Bacteria,Proteobacteria,Alphaproteobacteria,Acetobacterales,Acetobacteraceae,Acidiphilium,NA
ASV_1051,Bacteria,Proteobacteria,Alphaproteobacteria,Sphingomonadales,Sphingomonadaceae,Sphingomonas,flava
ASV_1052,Bacteria,Proteobacteria,Alphaproteobacteria,Rhizobiales,Beijerinckiaceae,Chelatococcus,NA
ASV_1061,Bacteria,Verrucomicrobia,Verrucomicrobiae,Chthoniobacterales,Chthoniobacteraceae,Candidatus_Udaeobacter,NA
ASV_1062,Bacteria,Proteobacteria,Gammaproteobacteria,Diplorickettsiales,Diplorickettsiaceae,NA,NA
ASV_1071,Bacteria,Proteobacteria,Alphaproteobacteria,Sphingomonadales,Sphingomonadaceae,Ellin6055,NA
ASV_1076,Bacteria,Fibrobacteres,Fibrobacteria,Fibrobacterales,Fibrobacteraceae,possible_genus_04,NA
ASV_1077,Bacteria,Proteobacteria,Gammaproteobacteria,Betaproteobacteriales,Burkholderiaceae,NA,NA
ASV_1078,Bacteria,Proteobacteria,Deltaproteobacteria,Myxococcales,27F-1492R,NA,NA
ASV_1079,Bacteria,Actinobacteria,Thermoleophilia,Solirubrobacterales,Solirubrobacteraceae,Solirubrobacter,NA
ASV_1085,Bacteria,Proteobacteria,Gammaproteobacteria,Betaproteobacteriales,Burkholderiaceae,Lautropia,mirabilis
ASV_1086,Bacteria,Actinobacteria,Thermoleophilia,Solirubrobacterales,Solirubrobacteraceae,Conexibacter,NA
ASV_1087,Bacteria,Proteobacteria,Alphaproteobacteria,Sphingomonadales,Sphingomonadaceae,Sphingomonas,sediminicola
ASV_1088,Bacteria,Firmicutes,Clostridia,Clostridiales,Family_XI,Finegoldia,NA
ASV_1089,Bacteria,Proteobacteria,Gammaproteobacteria,Betaproteobacteriales,Burkholderiaceae,NA,NA
ASV_1090,Bacteria,Proteobacteria,Gammaproteobacteria,Xanthomonadales,Xanthomonadaceae,Luteimonas,vadosa
ASV_1091,Bacteria,Proteobacteria,Gammaproteobacteria,Betaproteobacteriales,Burkholderiaceae,Piscinibacter,NA
ASV_1092,Bacteria,Proteobacteria,Gammaproteobacteria,Betaproteobacteriales,Burkholderiaceae,Ottowia,NA
ASV_1101,Bacteria,Firmicutes,Negativicutes,Selenomonadales,Veillonellaceae,Dialister,NA
ASV_1103,Bacteria,Actinobacteria,Actinobacteria,Streptomycetales,Streptomycetaceae,Streptomyces,NA
ASV_1108,Bacteria,Actinobacteria,Actinobacteria,Frankiales,Acidothermaceae,Acidothermus,NA
ASV_1110,Bacteria,Proteobacteria,Gammaproteobacteria,Oceanospirillales,Marinomonadaceae,Marinomonas,NA
ASV_1111,Bacteria,Proteobacteria,Deltaproteobacteria,Myxococcales,Haliangiaceae,Haliangium,NA
ASV_1117,Bacteria,Proteobacteria,Gammaproteobacteria,Betaproteobacteriales,Burkholderiaceae,NA,NA
ASV_1118,Bacteria,Proteobacteria,Gammaproteobacteria,Pseudomonadales,Pseudomonadaceae,Pseudomonas,NA
ASV_1120,Bacteria,Actinobacteria,Actinobacteria,Frankiales,Geodermatophilaceae,Blastococcus,endophyticus
ASV_1121,Bacteria,Actinobacteria,Acidimicrobiia,Microtrichales,Ilumatobacteraceae,Ilumatobacter,NA
ASV_1122,Bacteria,Actinobacteria,Acidimicrobiia,Microtrichales,Ilumatobacteraceae,CL500-29_marine_group,NA
ASV_1123,Bacteria,Proteobacteria,Gammaproteobacteria,Xanthomonadales,Xanthomonadaceae,Arenimonas,NA
ASV_1124,Bacteria,Gemmatimonadetes,Gemmatimonadetes,Gemmatimonadales,Gemmatimonadaceae,Gemmatimonas,NA
ASV_1125,Bacteria,Actinobacteria,Actinobacteria,Propionibacteriales,Nocardioidaceae,Nocardioides,NA
ASV_1135,Bacteria,Proteobacteria,Gammaproteobacteria,Betaproteobacteriales,Burkholderiaceae,Alcaligenes,NA
ASV_1136,Bacteria,Actinobacteria,Actinobacteria,Corynebacteriales,Tsukamurellaceae,Tsukamurella,NA
ASV_1137,Bacteria,Proteobacteria,Gammaproteobacteria,Betaproteobacteriales,Burkholderiaceae,Massilia,NA
ASV_1138,Bacteria,Proteobacteria,Deltaproteobacteria,Myxococcales,Polyangiaceae,Pajaroellobacter,NA
ASV_1140,Bacteria,Proteobacteria,Alphaproteobacteria,Rhodobacterales,Rhodobacteraceae,NA,NA
ASV_1158,Bacteria,Acidobacteria,Blastocatellia_(Subgroup_4),Blastocatellales,Blastocatellaceae,NA,NA
ASV_1159,Bacteria,Proteobacteria,Gammaproteobacteria,Betaproteobacteriales,Burkholderiaceae,Burkholderia-Caballeronia-Paraburkholderia,NA
ASV_1160,Bacteria,Actinobacteria,Acidimicrobiia,Microtrichales,Ilumatobacteraceae,NA,NA
ASV_1161,Bacteria,Proteobacteria,Alphaproteobacteria,Rhizobiales,D05-2,NA,NA
ASV_1162,Bacteria,Proteobacteria,Gammaproteobacteria,Betaproteobacteriales,SC-I-84,NA,NA
ASV_1176,Bacteria,Actinobacteria,Actinobacteria,Corynebacteriales,Dietziaceae,Dietzia,NA
ASV_1177,Bacteria,Proteobacteria,Gammaproteobacteria,Pseudomonadales,Pseudomonadaceae,Pseudomonas,NA
ASV_1179,Bacteria,Bacteroidetes,Bacteroidia,Sphingobacteriales,Sphingobacteriaceae,Pedobacter,NA
ASV_1180,Bacteria,Gemmatimonadetes,Gemmatimonadetes,Gemmatimonadales,Gemmatimonadaceae,Gemmatimonas,NA
ASV_1182,Bacteria,Actinobacteria,Actinobacteria,Frankiales,Sporichthyaceae,NA,NA
ASV_1183,Bacteria,Actinobacteria,Actinobacteria,Propionibacteriales,Nocardioidaceae,Aeromicrobium,NA
ASV_1191,Bacteria,Proteobacteria,Alphaproteobacteria,Rhizobiales,Beijerinckiaceae,Roseiarcus,fermentans
ASV_1192,Bacteria,Bacteroidetes,Bacteroidia,Chitinophagales,Chitinophagaceae,NA,NA
ASV_1193,Bacteria,Actinobacteria,Actinobacteria,Frankiales,Geodermatophilaceae,Geodermatophilus,NA
ASV_1194,Bacteria,Verrucomicrobia,Verrucomicrobiae,Chthoniobacterales,Chthoniobacteraceae,Chthoniobacter,NA
ASV_1195,Bacteria,Actinobacteria,Actinobacteria,Micrococcales,Intrasporangiaceae,Intrasporangium,NA
ASV_1196,Bacteria,Proteobacteria,Alphaproteobacteria,Rhizobiales,Beijerinckiaceae,NA,NA
ASV_1197,Bacteria,Planctomycetes,Phycisphaerae,Tepidisphaerales,WD2101_soil_group,NA,NA
ASV_1210,Bacteria,Bacteroidetes,Bacteroidia,Flavobacteriales,Crocinitomicaceae,Fluviicola,NA
ASV_1211,Bacteria,Firmicutes,Negativicutes,Selenomonadales,Veillonellaceae,Megasphaera,NA
ASV_1212,Bacteria,Firmicutes,Bacilli,Bacillales,Family_XII,Exiguobacterium,NA
ASV_1213,Bacteria,Proteobacteria,Deltaproteobacteria,Myxococcales,Haliangiaceae,Haliangium,NA
ASV_1227,Bacteria,Actinobacteria,Actinobacteria,Propionibacteriales,Nocardioidaceae,Nocardioides,NA
ASV_1228,Bacteria,Proteobacteria,Gammaproteobacteria,Immundisolibacterales,Immundisolibacteraceae,Immundisolibacter,cernigliae
ASV_1229,Bacteria,Acidobacteria,Acidobacteriia,Acidobacteriales,Acidobacteriaceae_(Subgroup_1),Granulicella,NA
ASV_1230,Bacteria,Gemmatimonadetes,Gemmatimonadetes,Gemmatimonadales,Gemmatimonadaceae,Gemmatimonas,NA
ASV_1231,Bacteria,Gemmatimonadetes,Gemmatimonadetes,Gemmatimonadales,Gemmatimonadaceae,NA,NA
ASV_1242,Bacteria,Proteobacteria,Alphaproteobacteria,Caulobacterales,Hyphomonadaceae,Hellea,balneolensis
ASV_1243,Bacteria,Actinobacteria,Actinobacteria,Frankiales,Frankiaceae,Jatrophihabitans,NA
ASV_1244,Bacteria,Actinobacteria,Actinobacteria,Propionibacteriales,Nocardioidaceae,Nocardioides,islandensis
ASV_1245,Bacteria,Proteobacteria,Gammaproteobacteria,Xanthomonadales,Xanthomonadaceae,Stenotrophomonas,NA
ASV_1258,Bacteria,Proteobacteria,Gammaproteobacteria,Pseudomonadales,Pseudomonadaceae,Pseudomonas,NA
ASV_1259,Bacteria,Proteobacteria,Alphaproteobacteria,Rhizobiales,Xanthobacteraceae,Afipia,NA
ASV_1260,Bacteria,Firmicutes,Bacilli,Bacillales,Bacillaceae,NA,NA
ASV_1261,Bacteria,Proteobacteria,Gammaproteobacteria,Pseudomonadales,Moraxellaceae,Acinetobacter,NA
